{"cameraMode":{"drawMode":0,"name":"Shaded","section":"Shading Mode"},"sceneLighting":true,"audioPlay":false,"sceneViewState":{"m_AlwaysRefresh":false,"showFog":true,"showSkybox":true,"showFlares":true,"showImageEffects":true,"showParticleSystems":true,"showVisualEffectGraphs":true,"m_FxEnabled":true},"in2DMode":false,"pivot":{"x":-1.058711051940918,"y":0.6337548494338989,"z":-1.4038853645324708},"rotation":{"x":0.05085855722427368,"y":0.7676516175270081,"z":-0.061396531760692599,"w":0.6358979940414429},"size":0.2445911169052124,"orthographic":false}